nom;reference;categorie
Tomate concentrée Alyssa boîte 400g;;Épicerie
Tomate concentrée Alyssa sachet 56g;;Épicerie
Double concentré de tomates Alyssa 370g;;Épicerie
Ketchup Alyssa 340g;;Épicerie
Petits pois Alyssa boîte 400g;;Épicerie
Thé Alyssa Premium 110 sachets;;Épicerie
Spaghetti Maman 200g;;Épicerie
Spaghetti Maman 500g;;Épicerie
Coquillettes Maman 200g;;Épicerie
Vermicelle Maman 500g;;Épicerie
Riz Maman 900g;;Épicerie
Riz parfumé Vietnam La Rizière 900g;;Épicerie
Riz basmati La Rizière 900g;;Épicerie
Riz rouge Uncle Sam 900g;;Épicerie
Riz parfumé longs grains Uncle Sam 4500g;;Épicerie
Lait instantané Laity boîte 400g;;Épicerie
Lait instantané Laity sachet 360g;;Épicerie
Lait concentré non sucré Laity 550g;;Épicerie
Lait UHT demi-écrémé Laity 1L;;Boissons
Nectar multifruits Darci 1L;;Boissons
Nectar mangue Darci 1L;;Boissons
Nectar orange Darci 1L;;Boissons
Jus d'ananas Darci 200ml;;Boissons
Thé Olinda 110 sachets;;Boissons
Chocolat chaud Toplait 20g;;Boissons
Savon liquide main Madar vanille 400ml;SDTM-SAVVAN400;Hygiène
Savon liquide main Madar Marseille 400ml;SDTM-SAVMAR400;Hygiène
Détergent Madar en poudre 1kg;;Hygiène
Détergent Get en poudre 1kg;;Hygiène
Savon liquide multi-usages Get 1,5L;;Hygiène
